Designator,Mid X,Mid Y,Rotation,Layer
C10,193.6,-77.1,0.0,top
C11,207.7,-69.4,270.0,top
C12,198.2,-69.2,90.0,top
C13,200.2,-69.425,90.0,top
C14,194.2,-69.2,90.0,top
C15,196.2,-69.425,90.0,top
C16,205.2,-69.4,90.0,top
C17,202.7,-69.425,90.0,top
C18,138.5,-85.525,270.0,top
C19,134.2,-85.725,270.0,top
C20,134.1,-69.5,0.0,top
C21,134.3,-65.3,0.0,top
C22,217.8,-74.9,270.0,top
C23,217.8,-78.0,90.0,top
C24,189.0,-57.075,270.0,top
C25,217.4,-57.2,270.0,top
C26,82.8,-51.1,180.0,top
C28,73.3,-51.2,180.0,top
C29,111.375,-51.2,180.0,top
C3,205.2,-87.105,270.0,top
C30,127.15,-83.8,270.0,top
C31,101.4,-51.2,180.0,top
C32,140.0,-51.1,180.0,top
C33,114.0,-81.1,180.0,top
C34,130.3,-50.9,180.0,top
C35,169.1,-51.2,180.0,top
C36,117.1,-64.2,90.0,top
C37,158.7,-51.2,180.0,top
C4,207.2,-87.1,270.0,top
C40,166.3,-62.2,0.0,top
C41,167.175,-65.25,0.0,top
C42,152.875,-57.95,90.0,top
C43,154.1,-75.85,270.0,top
C44,147.7,-69.85,180.0,top
C45,147.7,-66.35,180.0,top
C46,211.1,-71.8,180.0,top
C47,211.1,-74.8,180.0,top
C48,159.7,-75.85,270.0,top
C7,211.1,-73.3,180.0,top
C8,211.1,-76.6,180.0,top
C9,202.6,-87.105,90.0,top
D1,101.0,-91.0,90.0,top
D2,105.29,-91.0,90.0,top
D3,229.0,-91.0,90.0,top
D4,233.0,-91.0,90.0,top
J1,79.69,-40.465,180.0,top
J10,64.275,-74.125,90.0,top
J11,64.275,-64.375,90.0,top
J2,108.19,-40.465,180.0,top
J3,136.81,-40.435,180.0,top
J4,165.41,-40.465,180.0,top
J5,222.045,-44.13,90.0,top
J6,193.115,-44.23,90.0,top
J7,117.05,-91.94,0.0,top
J8,218.675,-90.4125,180.0,top
J9,173.9,-68.25,270.0,top
JP1,130.25,-80.6,0.0,top
JP2,115.0,-73.225,90.0,top
JP3,118.0,-73.225,90.0,top
JP4,130.225,-89.2,0.0,top
Q1,197.53,-86.7,180.0,top
Q2,158.2,-90.4,180.0,top
R1,201.1,-87.105,270.0,top
R10,185.7,-58.6,0.0,top
R11,213.9,-55.7,180.0,top
R12,213.9,-58.7,0.0,top
R13,78.7,-51.2,0.0,top
R15,76.0,-52.0,270.0,top
R16,107.0,-51.2,0.0,top
R18,104.2,-51.9,270.0,top
R19,135.7,-50.9,0.0,top
R2,193.565,-82.675,90.0,top
R21,133.0,-51.7,270.0,top
R22,164.6,-51.2,0.0,top
R24,161.6,-51.9,270.0,top
R25,124.5,-87.5,0.0,top
R26,124.5,-91.0,0.0,top
R27,105.3,-87.0,270.0,top
R28,155.775,-57.95,270.0,top
R29,157.275,-57.95,270.0,top
R3,192.065,-82.675,90.0,top
R30,213.6,-68.9,270.0,top
R31,101.0,-87.0,270.0,top
R32,151.7,-90.2,270.0,top
R33,154.2,-89.4,180.0,top
R34,229.0,-87.0,270.0,top
R35,233.0,-87.0,270.0,top
R4,190.565,-82.675,270.0,top
R5,193.7,-75.3,0.0,top
R6,211.0,-78.6,180.0,top
R7,175.0,-84.5,90.0,top
R8,183.0,-84.7,90.0,top
R9,185.7,-55.5,180.0,top
RV1,69.0,-83.65,90.0,top
RV2,90.5,-83.5,90.0,top
SW1,179.0,-90.5,180.0,top
SW2,143.7,-60.7,180.0,top
SW6,197.9575,-56.9875,180.0,top
SW7,226.4575,-56.9875,180.0,top
SW8,166.32,-90.5,0.0,top
U1,201.6,-77.8,270.0,top
U2,191.565,-88.175,0.0,top
U3,136.4,-77.7,90.0,top
U4,156.975,-67.35,270.0,top
U5,128.0,-73.09,180.0,top
U6,116.575,-73.35,0.0,top
Y1,221.4,-72.8,270.0,top
